,language,None,coefficient,odds_ratio,p_value,ci_lower,ci_upper,n_observations
0,ar,,0.32700110103367575,1.3868030040962707,5.5240950758122884e-24,1.3015353961237546,1.4776567567030456,4240
1,es,,0.6997380892768321,2.013225353105478,8.393591359282933e-76,1.8688070224552789,2.1688040946366183,4240
2,fr,,0.4954718892325662,1.6412725551934537,3.6417951430541946e-39,1.52393871894259,1.7676403696208791,4240
3,he,,0.01667722284056514,1.0168170640273586,0.6214648545833932,0.951685738215101,1.0864058377467567,4240
4,it,,0.660804095747668,1.9363487183477417,2.295681000580478e-80,1.8086526118847326,2.073060539325889,4240
5,ru,,0.4544339297009332,1.5752814105790514,9.640254958866929e-45,1.4784126296698754,1.6784972427285334,4240
6,uk,,0.42160488854666633,1.5244060953699436,1.0158493744771968e-37,1.429371011525452,1.6257598096389396,4240
