,language,None,coefficient,odds_ratio,p_value,ci_lower,ci_upper,n_observations
0,es,,0.7027076425342788,2.0192126183625256,1.355727338037125e-75,1.8735751044157938,2.176170887702833,4240
1,fr,,0.4954718892325652,1.6412725551934522,3.641795143055757e-39,1.5239387189425884,1.7676403696208776,4240
2,it,,0.6645651606199698,1.9436451640946883,2.6228222890183794e-80,1.814717156481001,2.081732963408074,4240
3,ar,,0.3244921659691871,1.3833279665563982,1.2274622972308174e-23,1.2982649376757722,1.4739643716196236,4240
4,ru,,0.4610713841476905,1.5857720462262879,8.406874278523108e-46,1.4880383158501567,1.689924886884386,4240
5,uk,,0.42987902724588684,1.5370715685198493,1.1420598966833984e-38,1.4406492985497605,1.6399473550782875,4240
6,he,,0.017006395536110344,1.0171518275356812,0.6145148730556336,0.9520138107595384,1.0867466717040066,4240
