,language,None,coefficient,odds_ratio,p_value,ci_lower,ci_upper,n_observations
0,ar,,0.25799684240428256,1.2943347316319798,3.7634734145490275e-16,1.2164310358769657,1.3772276011529478,4240
1,es,,0.5747743889312286,1.7767296318214005,3.7728726800283204e-54,1.6521364323931984,1.9107188260593468,4240
2,fr,,0.5646344638651596,1.7588047585113176,3.0501177518998747e-55,1.6387696007215633,1.8876321462150678,4240
3,he,,0.21253301030950808,1.23680694027133,2.534656709827308e-10,1.1579749068618346,1.3210056612097612,4240
4,it,,0.5723494301902943,1.7724263555129454,3.0626596999197786e-62,1.6569392663044245,1.8959627848783953,4240
5,ru,,0.5489420344927178,1.7314202656243756,9.253977297217914e-63,1.6235197170493976,1.8464919795757377,4240
6,uk,,0.4417059934491402,1.555358387650141,5.790115431396227e-43,1.4603869333233896,1.6565059977142025,4240
