,language,None,coefficient,odds_ratio,p_value,ci_lower,ci_upper,n_observations
0,es,,0.6039761785947686,1.8293782931171645,6.503024534733044e-58,1.6992451820461654,1.9694773742411875,4240
1,fr,,0.5681185998479747,1.7649433611104823,9.255956371779257e-56,1.6443346676044897,1.8943984635840696,4240
2,it,,0.5806663596194542,1.7872289712591254,7.228131592187571e-63,1.6697300992569992,1.9129962364152802,4240
3,ar,,0.26089181882098694,1.29808722923063,1.9015038098955185e-16,1.21987291388507,1.381316394119403,4240
4,ru,,0.5553566578163003,1.742562372446627,5.450420843832433e-64,1.6337965247171904,1.8585690298199395,4240
5,uk,,0.47133200248149404,1.6021268094628547,7.344402100682352e-48,1.503465095446332,1.7072629895924656,4240
6,he,,0.21120814393861237,1.2351694213352833,3.196737435602363e-10,1.1564840691267737,1.3192084008158502,4240
