,language,None,coefficient,odds_ratio,p_value,ci_lower,ci_upper,n_observations
0,es,,0.4725798379742137,1.6041272480090771,2.0316559356825713e-33,1.4854073919074577,1.7323356823348093,4240
1,fr,,0.3422709759273975,1.4081418183554222,1.4666244216691693e-11,1.2749469955485704,1.555251620282575,4240
2,it,,0.7357738618763748,2.087096492132177,3.2139804735660594e-92,1.9444364225697852,2.240223293962755,4240
3,ar,,0.295875859283748,1.3443032637031347,6.230429175555495e-20,1.2616628735418185,1.4323566958340879,4240
4,ru,,0.5627505770509077,1.7554944884839632,1.4859638061546267e-65,1.645837005293978,1.872458140863779,4240
5,uk,,0.5101823924331726,1.6655949591601784,3.97700164544099e-54,1.5614792493319027,1.776652856044532,4240
6,he,,-0.18610169675858818,0.8301891631418766,6.349168088856238e-05,0.7578251843026113,0.909463106893787,4240
