,language,None,coefficient,odds_ratio,p_value,ci_lower,ci_upper,n_observations
0,ar,,0.30032443087725536,1.3502968145007594,1.6527293235204046e-20,1.2673312323664432,1.438693721645533,4240
1,es,,0.4749157212671741,1.6078786817974782,2.803529744636236e-34,1.4898443848227445,1.7352643549321973,4240
2,fr,,0.3404202828513677,1.4055381900437014,1.777411781685641e-11,1.272750797139762,1.5521794275131677,4240
3,he,,-0.18610169675858731,0.8301891631418774,6.349168088856727e-05,0.7578251843026119,0.9094631068937876,4240
4,it,,0.7367894835774761,2.0892172693932873,1.5508924126265192e-93,1.9472172488721324,2.2415725832643183,4240
5,ru,,0.5641664468735708,1.7579818005936132,7.86755968472843e-66,1.648131717052675,1.875153532476791,4240
6,uk,,0.5242472978465247,1.68918691511706,2.1637142498553925e-57,1.5839094986632887,1.801461785923201,4240
