,language,None,coefficient,odds_ratio,p_value,ci_lower,ci_upper,n_observations
0,ar,,0.3003244308772574,1.350296814500762,1.65272932351949e-20,1.2673312323664458,1.4386937216455362,4240
1,es,,0.4749157212671748,1.6078786817974793,2.8035297446348324e-34,1.4898443848227456,1.7352643549321982,4240
2,fr,,0.3404202828513674,1.405538190043701,1.777411781685712e-11,1.2727507971397618,1.5521794275131673,4240
3,he,,-0.18610169675858818,0.8301891631418766,6.349168088856238e-05,0.7578251843026113,0.909463106893787,4240
4,it,,0.7367894835774774,2.0892172693932904,1.550892412625547e-93,1.9472172488721349,2.241572583264321,4240
5,ru,,0.5641664468735683,1.7579818005936088,7.867559684737403e-66,1.648131717052671,1.875153532476786,4240
6,uk,,0.524247297846525,1.6891869151170607,2.1637142498550535e-57,1.5839094986632893,1.8014617859232014,4240
