,language,None,coefficient,odds_ratio,p_value,ci_lower,ci_upper,n_observations
0,ar,,0.2839088814739886,1.3283118914167862,1.5374833215625882e-19,1.249031639372951,1.4126243285278384,4240
1,es,,0.17435125555006534,1.1904736528661422,0.0026713362050692687,1.062437964589504,1.333939077295711,4240
2,fr,,0.0863619522445626,1.0902008575478623,0.09194904376416319,0.9860180483159132,1.2053916374330864,4240
3,he,,0.16199786731103438,1.175857733579512,3.273195355031774e-07,1.1049789667695407,1.2512830118938514,4240
4,it,,0.38785897705399586,1.4738219269221369,2.0626789983300246e-25,1.3701041103356881,1.5853912530371752,4240
5,ru,,0.5945466472969759,1.8122091887673628,7.078718498588962e-72,1.6981675724061682,1.9339093486513534,4240
6,uk,,0.5030591962837229,1.653772755486489,5.402723046633597e-54,1.551668136107753,1.7625961783618465,4240
