,language,None,coefficient,odds_ratio,p_value,ci_lower,ci_upper,n_observations
0,es,,0.17435125555006387,1.1904736528661404,0.0026713362050694756,1.0624379645895023,1.333939077295709,4240
1,fr,,0.08636195224456211,1.090200857547862,0.09194904376416503,0.9860180483159128,1.2053916374330857,4240
2,it,,0.3878589770539962,1.4738219269221375,2.062678998329832e-25,1.3701041103356886,1.5853912530371757,4240
3,ar,,0.28390888147398863,1.3283118914167862,1.537483321562588e-19,1.249031639372951,1.4126243285278384,4240
4,ru,,0.5945466472969754,1.8122091887673617,7.078718498591787e-72,1.6981675724061673,1.9339093486513523,4240
5,uk,,0.5030591962837229,1.653772755486489,5.402723046633596e-54,1.551668136107753,1.7625961783618465,4240
6,he,,0.16199786731103444,1.175857733579512,3.273195355031739e-07,1.1049789667695407,1.2512830118938514,4240
