,language,None,coefficient,odds_ratio,p_value,ci_lower,ci_upper,n_observations
0,ar,,0.23799104788436914,1.2686978352443519,1.1024058616979533e-11,1.184497579229901,1.358883483915754,4240
1,es,,0.21540141478248367,1.2403596957649563,0.0020009385766235105,1.0819641123851886,1.4219438124306456,4240
2,fr,,0.19429041137142522,1.2144489215254555,0.0007447554090704883,1.084781044213824,1.359616478238924,4240
3,he,,-0.30663759700178433,0.7359172512051766,1.35436468787987e-10,0.6701609268557328,0.8081255992681425,4240
4,it,,0.3651885005036187,1.4407855713593198,1.5399452076068305e-16,1.3211010834909571,1.5713128151797557,4240
5,ru,,0.3211364632192884,1.3786937090391238,1.683107430457376e-20,1.2882914172522069,1.4754397319499803,4240
6,uk,,0.2704008399044741,1.3104896420103225,3.458677941141096e-11,1.2097474031893978,1.4196212343904242,4240
