,language,None,coefficient,odds_ratio,p_value,ci_lower,ci_upper,n_observations
0,es,,0.22543551689200017,1.2528682426733775,0.0019580308184733936,1.0862645360818148,1.4450244681294215,4240
1,fr,,0.19429041137142405,1.2144489215254541,0.0007447554090705409,1.0847810442138228,1.3596164782389224,4240
2,it,,0.3600256905250592,1.433366238018588,3.7494628611060905e-15,1.3103372607498607,1.5679465385238442,4240
3,ar,,0.22936151126636803,1.2577966644937852,5.5253861598211716e-11,1.1744414559961986,1.34706795399158,4240
4,ru,,0.321048316697203,1.3785721873395873,1.795326096066553e-20,1.28813705778833,1.4753564181821273,4240
5,uk,,0.27329367965867135,1.3142861672661792,3.0351919473469555e-11,1.2124984385997657,1.4246188485504554,4240
6,he,,-0.3066375970017809,0.7359172512051791,1.3543646878803817e-10,0.6701609268557354,0.8081255992681452,4240
